FRASE,LIBRO,AUTOR
"El deseo de deshacer el pasado es comprensible pero fútil, y nos ciega a las 
oportunidades del presente. ",Trascendiendo los niveles de consciencia,David Hawkins
"Hace falta tiempo para que madure el descubrimiento de que la 
pérdida es “una bendición disfrazada”. ",Trascendiendo los niveles de consciencia,David Hawkins
Cuanto más amamos mas podermos amar,Trascendiendo los niveles de consciencia,David Hawkins
"La entrega de todas las creencias limitantes, los posicio- 
namientos, las dudas y los apegos permite el fluir de la energía 
espiritual, que va acompañada de la devoción (calibra en 555).",Trascendiendo los niveles de consciencia,David Hawkins
"El amor incondicional es un 
estado y una manera de estar en el mundo que surge del compro- 
miso serio con el principio espiritual de renunciar a todos los 
obstáculos, limitaciones y posicionamientos, y a sus recompensas que amenudo son inconscientes ",Trascendiendo los niveles de consciencia,David Hawkins
"La culpa es consecuencia del recuerdo de acciones pasadas que 
lamentamos. Dichas acciones solo pueden ser trascendidas me- 
diante la re-contextualización. ",Trascendiendo los niveles de consciencia,David Hawkins
"La renuencia a perdonar es consecuencia no solo de la falta de 
disposición del ego a soltar el “jugo” (recompensa) que tiene para 
él la injusticia percibida, sino también a la ilusión de que los demás 
“no se lo merecen”. ",Trascendiendo los niveles de consciencia,David Hawkins
" Lo que el ego es incapaz 
de levantar con todo su poder es como una pluma para la Gracia 
de Dios",Trascendiendo los niveles de consciencia,David Hawkins
"Como corchos en el mar, cada uno flota segun su nivel de flotabilidad,  que nio se debe a niongun acto arbitrario del mar",Trascendiendo los niveles de consciencia,David Hawkins
"El ego siente envidia de lo que intuye que es superior a sus li- 
mitaciones, y por lo tanto odia y denuncia lo que no puede enten- 
der. Tiene interés en denigrar y considerar que está mal aquello que 
no puede comprender. Así, el escéptico odia sutilmente la verdad 
espiritual o la conciencia superior y sus valores ",Trascendiendo los niveles de consciencia,David Hawkins
"“Lo que es una calamidad para el hombre es una 
oportunidad para Dios”.",Trascendiendo los niveles de consciencia,David Hawkins
" la persona espiritualmente humilde no puede ser humillada, y, por lo tanto, 
puede aceptar sus faltas sin pérdida de autoestima.",Trascendiendo los niveles de consciencia,David Hawkins
"la Realidad Absoluta, que es invulnerable a la pérdida.",Trascendiendo los niveles de consciencia,David Hawkins
" La adquisición es básicamente un 
instinto de supervivencia animal, que depende de “conseguir” una 
pareja, alimento, territorio, abrigo, dominancia y control.",Trascendiendo los niveles de consciencia,David Hawkins
"La felicidad viene de “ahí fuera”. Por lo tanto, es “conseguible” y está 
sujeta a la pérdida. ",Trascendiendo los niveles de consciencia,David Hawkins
"l ego/mente atesora lo temporal y transitorio porque lo valora como “especial” y, 
por lo tanto, lo ve como una “fuente” de felicidad.",Trascendiendo los niveles de consciencia,David Hawkins
"El cambio 
puede ser una fuente de placer anticipatorio si es elegido, y una 
fuente de resentimiento si nos resistimos a él.",Trascendiendo los niveles de consciencia,David Hawkins
"s. La única fuente de 
felicidad que tiene una base realista está en el presente, y lo que 
está en el presente no está sujeto a pérdida.",Trascendiendo los niveles de consciencia,David Hawkins
"Así, en realidad cada pérdida representa todas las pérdidas, porque lo que se experimenta es la 
pérdida misma y no solo el suceso específico que la trajo a la conciencia.",Trascendiendo los niveles de consciencia,David Hawkins
"El lamento 
también es consecuencia de dar realidad a lo hipotético (por ejem- 
plo, “debería haber”, “podría haber”, o “si hubiera elegido otra 
cosa”, etc.). Esto también incluye la ilusión de que las decisiones 
hipotéticamente “mejores” hubieran aportado beneficios o mayor 
felicidad. Estas suposiciones ignoran que la evolución se sitúa en 
una curva de aprendizaje ",Trascendiendo los niveles de consciencia,David Hawkins
"Mientras que la culpa, la vergüenza y la pena representan el 
pasado, el miedo es una anticipación enfocada en el futuro.",Trascendiendo los niveles de consciencia,David Hawkins
"el alineamiento reli- 
gioso/espi-tual con la fe es capaz de reducir los niveles generales 
de temor.",Trascendiendo los niveles de consciencia,David Hawkins
"Casi todos los 
miedos sociales, psicológicos y físicos solo son elaboraciones in- 
conscientes del miedo a la muerte,",Trascendiendo los niveles de consciencia,David Hawkins
"Finalmente, cuando se acepta la muerte y se la entrega a Dios, el núcleo del temor desapa- 
rece",Trascendiendo los niveles de consciencia,David Hawkins
"Todo miedo es producto de estar en la etapa evolutiva del ego, y 
está asociado con la dimensión física. ",Trascendiendo los niveles de consciencia,David Hawkins
Todo temor es el producto de la persitencia del ego y de su negativa por dejar su soberanua en manos de la voluntad de Dios,Trascendiendo los niveles de consciencia,David Hawkins
"Elegir conscientemente alinearnos 
con la Verdad y la Divinidad nos fortalece y cambia la identidad del 
yo al Ser, incrementando la confianza, el coraje y la dignidad per- 
sonal, en lugar de la autohumillación y la denigración. ",Trascendiendo los niveles de consciencia,David Hawkins
". Cuando la emoción ex- 
pande el deseo, podemos experimentarlo como “necesidad”. La",Trascendiendo los niveles de consciencia,David Hawkins
" la verdadera fuente de placer es un meca- 
nismo cerebral interno que se activa mediante la adquisición de 
algo “deseado”. E",Trascendiendo los niveles de consciencia,David Hawkins
" la sensación interna de carencia produce insatisfacción crónica, sen- 
sación de no estar completo y comportamientos de búsqueda 
constante",Trascendiendo los niveles de consciencia,David Hawkins
" la gratificación depende de adquirir 
cosas externas. ",Trascendiendo los niveles de consciencia,David Hawkins
"problema del deseo está vinculado con la tendencia del ego a 
proyectar que los objetos, personas o cualidades relacionados con 
él son “especiales”. Así, a la persona, al atributo o a la posesión 
deseados se les infla, se les envuelve en romanticismo y se les 
hace atractivos mediante atributos mágicos exagerados",Trascendiendo los niveles de consciencia,David Hawkins
"A lo que uno está apegado es a la sensación interna que pro- 
duce el sistema de recompensas que se activa en el cerebro, q",Trascendiendo los niveles de consciencia,David Hawkins
"Cuando 
satisfacer la compulsión se convierte en la actividad dominante, la inhibición mediante la razón se vuelve fútil e inoperante, co",Trascendiendo los niveles de consciencia,David Hawkins
"La ira que surge del deseo frustrado se basa en el campo energético inferior (deseo). Y la frustración es producto de exagerar la 
importancia de los deseos. ",Trascendiendo los niveles de consciencia,David Hawkins
"El ego narcisista es competitivo y tiende a sentirse ofendido e 
insultado ante la mínima provocación",Trascendiendo los niveles de consciencia,David Hawkins
"
Así, la persona enfadada ve lo que no sirve a su ego como si fuera un enemigo.",Trascendiendo los niveles de consciencia,David Hawkins
"de la personalidad iracunda puede verse en el 
clásico coleccionista de injusticias que alimenta agravios y, por 
extensión paranoica, los recolecta para justificar su hostilidad. 
Es",Trascendiendo los niveles de consciencia,David Hawkins
" no existe el “resentimiento justificado”. Al ego 
también le gusta citar interpretaciones falsas y erróneas de la his- 
toria para justificar su extremismo.",Trascendiendo los niveles de consciencia,David Hawkins
"La ira nio guarda relacion con lo que los otros SON, sino con lo que NO SON.",Trascendiendo los niveles de consciencia,David Hawkins
"Como “el orgullo precede a la caída”, es vulnerable y mantiene 
una actitud defensiva ",Trascendiendo los niveles de consciencia,David Hawkins
" El orgullo sigue siendo débil porque puede ser arrojado de su pedestal para caer en la vergüenza, y 
esta es la amenaza que activa el temor a perderlo.",Trascendiendo los niveles de consciencia,David Hawkins
"ad. La inflación del ego a la que da 
lugar el orgullo es el núcleo de su vulnerabilidad, en",Trascendiendo los niveles de consciencia,David Hawkins
"ás. La autoestima del orgullo descansa sobre una opinión 
exagerada e inflada, más que sobre la realidad. Así, el ego busca 
confirmación, que descansa sobre las inseguras premisas de la 
opinión.",Trascendiendo los niveles de consciencia,David Hawkins
". La vanidad genera sensibilidad a los menosprecios y las 
comparaciones, lo que conduce al miedo a ser atacado y a la para- 
noia social,",Trascendiendo los niveles de consciencia,David Hawkins
"a la 
opinión como función del ego, se revela que no es más que una 
idea a la que se le ha añadido importancia porque es “mía”. U",Trascendiendo los niveles de consciencia,David Hawkins
"El ego 
malinterpreta la humildad como un equivalente de la humillación, 
cuando en realidad es la mayor salvaguarda contra la humillación o 
la vulnerabilidad. ",Trascendiendo los niveles de consciencia,David Hawkins
" un conjunto de expectativas rígido da 
como resultado una autoestima frágil. L",Trascendiendo los niveles de consciencia,David Hawkins
"La aceptación de uno mismo es el resultado de renunciar a la duda. Todo lo que 
existe es intrínsecamente igual por virtud de su creación y de la fuente de dicha creación. ",Trascendiendo los niveles de consciencia,David Hawkins
" Todo el mérito por los logros se lo atribuimos a Dios como 
Presencia interna de la Divinidad, en vez de al ego, y así los logros 
generan gratitud y alegría, en lugar de orgullo vulnerable.",Trascendiendo los niveles de consciencia,David Hawkins
" Cuanto menos “deseos” prevalecen, mayor es 
nuestro grado de libertad. ",Trascendiendo los niveles de consciencia,David Hawkins
"“Yo, por mí mismo, en realidad no sé nada” ",Trascendiendo los niveles de consciencia,David Hawkins
" A medida que evolucionamos, podemos 
considerar que lo que el mundo admira es un estorbo, y lo que el 
mundo considera una pérdida es libertad espiritual. La paz interna 
es el resultado de entregar tanto las atracciones como las aver- 
siones.",Trascendiendo los niveles de consciencia,David Hawkins
"El coraje implica estar dispuesto a probar cosas nuevas y a afron- 
tar las vicisitudes de la vida. ",Trascendiendo los niveles de consciencia,David Hawkins
"os. El 
nivel del coraje implica superar el miedo a perder las ganancias, 
que es reemplazado por las recompensas a largo plazo de la ver- 
dad.",Trascendiendo los niveles de consciencia,David Hawkins
"ía las decisiones y la elección de opciones. 
El coraje aporta confianza interna y una mayor sensación de 
poder personal porque no depende de factores o resultados externos. E",Trascendiendo los niveles de consciencia,David Hawkins
"La clave esencial para acceder a la fuerza del coraje es aceptar la 
responsabilidad personal y la rendición de cuentas. ",Trascendiendo los niveles de consciencia,David Hawkins
"Coraje no significa ausencia de miedo, sino estar dispuesto a supe- 
rarlo, lo que, una vez conseguido, revela nuestra fuerza y fortaleza",Trascendiendo los niveles de consciencia,David Hawkins
". El miedo al fracaso disminuye cuando nos damos cuenta 
de que somos responsables de la intención y el esfuerzo, pero no 
del resultado, que depende de muchas otras condiciones y factores 
externos.",Trascendiendo los niveles de consciencia,David Hawkins
"una posición rígida se convierte en un punto de vulnerabilidad: lo que no se dobla 
puede romperse. ",Trascendiendo los niveles de consciencia,David Hawkins
"los aparentes obstáculos en realidad pueden ser 
expectativas proyectadas. ",Trascendiendo los niveles de consciencia,David Hawkins
"La libertad es producto de no invertir emocio- 
nalmente en el resultado y de no insistir en los objetivos narci- 
sistas, como el de “hacer las cosas a mi manera”. ",Trascendiendo los niveles de consciencia,David Hawkins
"estar interesado pero 
no involucrado emocionalmente, lo que permite una actitud rela- 
jada y agradable, porque en realidad uno no se está “jugando",Trascendiendo los niveles de consciencia,David Hawkins
"Como uno no se juega nada, no tiene miedo a perder ni sufre la 
inflación del ego cuando parece ganar.",Trascendiendo los niveles de consciencia,David Hawkins
Acepto mi humanidad,,Javi Rodriguez
Los ciclos se reciclan por si solos.,Conversaciones con DIOS,
"Tu vives tu ilusion y por lo tanto sientes miedo, por tu decisión de dudar de DIOS",Conversaciones con DIOS,
"Si no puedes contar con que el amor de Dios siempre estará alli, ¿en el amor de quién si puedes contar?",Conversaciones con DIOS,
Toda acción se vuelve una reacción,Conversaciones con DIOS,
Tus padres fueron los que te enseñaron que el amor es condicional y esa es la experiencia que llevas a tus propias relaciones,Conversaciones con DIOS,
"Cuando elijas la acción que promueve el amor, será entonces cuando hagas más que sobrevivir, harás  mas que ganar y que tener éxito. Experimentarás la gloria de quien eres.",Conversaciones con DIOS,
"El mejor recordatorio no es nada en el exterior, sino tu voz dentro de ti. Esta es la herramienta más accequible.",Conversaciones con DIOS,
"El secreto más profundo no es que la vida es un proceso de descubrimiento, sino un proceso de creación",Conversaciones con DIOS,
Por qué estamos aqui: para recordar y recreaer quien eres.,Conversaciones con DIOS,
El único deseo de tu alma es converitr su más grande concepto de s misma en su más grandes experiencia,Conversaciones con DIOS,
"Quienes creen que dios es Todo lo que es y todo lo que NO es, son los que comprender correctamente",Conversaciones con DIOS,
"Mi proposito divino al dividirme, fue crear suficientes partes de  mi para que yo pudiera conocerme empiricamente. Solo hay una forma en el que el creador se puede conocer a si mismo y es creando.",Conversaciones con DIOS,
"Mi propoposito para ustedes es que se conozcan a su mismo como YO y para ello, se conozcan a si mismos promero como no YO.",Conversaciones con DIOS,
Re membranza: recordar es unir todas las partes de quien eres.,Conversaciones con DIOS,
"Dios padre es saber: Dios hijo es experimentar, Dios espiritu santo es SER. ",Conversaciones con DIOS,
"Trinidad significa: Lo que da la vida, lo que la recibe, lo que es.",Conversaciones con DIOS,
No hay victimas en el universo solo creadores,Conversaciones con DIOS,
"Evita etiquetas y juicios mientras haces lo que sea que hagas, pues cada circustancia es un regalo y en cada experiencia se encuentra un regalo escondido",Conversaciones con DIOS,
No olvides quiene eres en el momento en que te encuentras rodeados por lo que no eres.,Conversaciones con DIOS,
"Solo cuando dices: Yo hice esto, puedes encontrar el poder para cambiarlo",Conversaciones con DIOS,
"Todas las cosas ""malas"" que te suceden son elección tuya. El error no es elegirlas sino llamarlas malas",Conversaciones con DIOS,
El dolor es el resultado de un pensamiento equivocado,Conversaciones con DIOS,
"El dolor resulta de un juicio que has hecho sobre algo, elimina el juicio y eliminarás el dolor.",Conversaciones con DIOS,
"Lo que condenes, te condenara y en lo que juzgues te convertirás.",Conversaciones con DIOS,
Permite que cada alma camine su propio trayecto,Conversaciones con DIOS,
No haré nada por ustedes que no hagan por si mismos.N,Conversaciones con DIOS,
"No es através de la lucha que el proceso continua, es al rendirse que uno obtiene vicotria.",Conversaciones con DIOS,
"Cada evento y aventura es atraida hacia tu ser, por tu ser, para que puedas crear y experimentar quien realmente eres",Conversaciones con DIOS,
"Puedes ser, hacer y tener lo que puedas imaginar. Pero al tiempo puedes atraer a lo que temes.",Conversaciones con DIOS,
Una emoción es el poder que atrae,Conversaciones con DIOS,
"Un pensamiento es pura energía, los pensamientos son eternos. El pensamiento es creativo",Conversaciones con DIOS,
"Hitler se fue al cielo, cuando comprendas esto, comprendera a Dios.",Conversaciones con DIOS,
"Para la mayoria de la gente, el amor es una respuesta de una neceidad incubierta",Conversaciones con DIOS,
"Si quieres garantias en la vida, entonces no quieres la vida. Quieres ensayos para un guión que ya está escrito.",Conversaciones con DIOS,
"Si alcanzas el siguiente escalon, es porque quieres, no porque tienes que hacerlo. No tienes que hacer nada. Disfruta la vida en cada nivel",Conversaciones con DIOS,
"El verdadero trabajo interno debe hacerse en soledad, sin retribución ni aprobación, sin que nadie lo note.",Conversaciones con DIOS,
La verguenza es la respuesta de una persona que todavia tiene una inversión de efo en como otras la ven.,Conversaciones con DIOS,
"El proceso creador se resume a: pensamiento, palabra y acción",Conversaciones con DIOS,
La forma más rapida de cambiar un pensamiento credor es revertur el proceso del pensamiento palabra acto. Actua de acuerdo a la nueva idea que tengas,Conversaciones con DIOS,
Eres lo que piensas que eres,Conversaciones con DIOS,
"A tu alma no le importa que haces para vivir, tu alma se preocupa solo por lo que eres mientras estás haciendo lo que sea que hagas. Lo que busca tu alma es un estado de existencia, no de realización",Conversaciones con DIOS,
"Si algo que desees expetimentar en tu vida, no lo desees, eligelo",Conversaciones con DIOS,
"El verdadero orden de las cosas, uno no hace algo para ser feliz, uno es feliz y luego hace algo",Conversaciones con DIOS,
"No quieres saber la verdad,quieres saber la verdd que tu comprendes, esa es la barrera más grande a la iluminación",Conversaciones con DIOS,
No puedes ser lo que no sabes que eres,Conversaciones con DIOS,
"Sus actitudes frente al sexo, es un microcosmos de sus actitudes frente a la vida",Conversaciones con DIOS,
"Llamame entonces, cuando y donde te separes de la paz que soy yo, ahí estare, con la verdad, con la luz y con el amor.",Conversaciones con DIOS,
Descubrir la verdad requiere abandonar la parte ilusoria de tu mente que aun proteges con recelo,Vivir por Amor,Jorge Carrasco
"La vida usara todos los recursos que tiene a su alcance para moldera tu experiencias de tal modo que adopte una forma especial y unica, en la que la lección pueda ser integrada y comprendida segun tu punto de referencia interior y tal y  como comprendes al mundo",Vivir por Amor,
"No hemos venido a este mundo a cambiarlo, hemos venido a aprender a amarlo, solo entonces el mundo cambiará antes nuestros ojos",Vivir por Amor,
"El miedo no te mantiene con vida, solo te mantiene respirando",Vivir por Amor,
"El amor no busca cambiar nada de lo que te sucede, tan solo quiere que aprendas a cambiar la manera en la que ves lo que te sucede y por lo tanto, en la manera en la que te ves a ti mismo ante lo que te sucede",Vivir por Amor,
En la elección de percepción radica nuestro verdadero libre albedrio y por lo tanto nuestro poder,Vivir por Amor,
El problema del conocimiento no es el desconocimiento sino la absurda creencia que tenemos de que ya lo sabemos todo.,Vivir por Amor,
Todo lo que te sucede en tu vida primero debio originarse en tu mente,Vivir por Amor,
"Cuanto más compartas un pensamiento o una idea, más reforzarás en tu mente  el sistema de pensamiento del cual procede",Vivir por Amor,
"A través de tus relaciones reafirmas tus creencias, tus realciones son el recurso que tienes para elevarte al cierlo o sumerjirte en el infierno",Vivir por Amor,
"Existe una confusión respecto al vddero significado de dar a los demás y darte a ti mismo. Haciendote creer que cuando das a lo demás lo haces por amor, cuando es un gesto de egoismo y manipulación emocional. Y cuando te atiendes a ti, te dices que eres un egoista en lugar de comprender qu estas haciendo el mayor gesto de amor porpio por ti y para los que amas.",Vivir por Amor,
"Jamas has tardado 3-5-6 años en cambiar, el cambio se produce en un momento tan minusculo que el tiempo no puede contener este detalle. Los 3-5-6 años, son el tiempo que tomaste en decidir cambiar",Vivir por Amor,
"¿Estas dispuesta aprovechar al maximo este probloema que tienes al frente como recurso de aprendizaje para pasar tu leción pendiente y pasar al siguiente nivel o volveras a usar este esenario para reforzar las viejas ideas de victimismo e impotencia que tienes acerca de ti, huyendo de la situación, haciendote pequeño o proyecta la culpa sobre la situación?",Vivir por Amor,
"La escacez o la injusticia, nada tienen que ver con la vida, pero si tienen que ver con las creencias que albergan en tu mente.",Vivir por Amor,
"Invertir en pensamientos de escacez dentoe de un universo abundante, tan solo te conducira a vivir una experiencia de abundante escacez",Vivir por Amor,
El mayor gesto de amor que puedes hacer por ti es amar incondicionalmente a los demas. Dandolo constanemente lo reconocer en nosotros mismos,Vivir por Amor,
Todo lo que tu mente te habia prometido jamas te dio lo que estabas buscando,Vivir por Amor,
"Que muchas personas compartan la misma idea, no significa que sea verdad. Pero cuanto más la compartan, más fuerza tendra. Al compartirla, la viviran, la experimentaran e inevitablemente la refortazan a compartirlas, asocienado que, al vivir los efectos de la idea, es tan real como la experiencia que han vivido.",Vivir por Amor,
El miedo nace del mundo de la percepción el amor surge del mundo del conocimiento,Vivir por Amor,
Nunca podras ver con claridad aquello que temes ver,Vivir por Amor,
"Como podria alguien ser feliz, desde un estado mental en el que vive resignado y que cree que no puede expresar lo que siente por miedo a ser juzgado por ls demas?",Vivir por Amor,
Siempre que buscas aceptación exterior lleva implicito el rechazo hacia ti mismo,Vivir por Amor,
"El verdadero significado de tener una mentalidad inocente, es guardar la caracteristica de una mentalidad curia, que todo lo pregunta y que todo lo quiere descubrir. ",Vivir por Amor,
Sal de tu razón y ve a tu intuición,Vivir por Amor,
Si aprendes a escuchar tu corazón hallaras siempre la repuesta correcta,Vivir por Amor,
Tu conflicto no radica en lo que sucede sino en la estructura mental con la que la afrontas,Vivir por Amor,
Aprender a desaprender es un camino que re conducira al pasado pero solo para dehacer lo andado y asi poder avanzar,Vivir por Amor,
El cambio no tiene sentido en el nivel de los sintomas donde no puede producirse resultados,Vivir por Amor,
"Una forma simple de solucionar el conflicto es preguntarte:
¿Para que hago XXXX?
¿Que emociones estoy intentando evitar a traves de esto?",Vivir por Amor,
"Esa musica no te gusta porque sea buena o mala, sino porque através de ella estas queriendo reafirmar tu personaldiad.",Vivir por Amor,
Tu mente no esta separada de las demás mentes.,Vivir por Amor,
Tus pensamientos son reafirmados através de toda tu realidad.,Vivir por Amor,
"La ansiedad es la consecuencia de la obsesion por el futuro, el miedo de no ser capaz de poder aforntar las situaciones de manera correcta, de quedarse sin recursos, de no ser capaz de dar la talla o estar a la altura. Si tienes ansiedad, suelta el futuro.",Vivir por Amor,
"La depresión es el apego por el pasasdo, por aquello queya no esta y que no podra recuperar jamas, dejando tal vacio que nada de lo que pueda venir del futuro pueda llegar a tener el mismo significado. Si tienes depresión, desapegate del pasado.",Vivir por Amor,
Un problema es un nivel de percepción que nace a nive de la mente.,Vivir por Amor,
"Volverte ciego ante la evidencia, es una de las herramientas favoritas del ego. ",Vivir por Amor,
"La necesidad de cambio que ves en los demás, es la necesidad de cambio que tienes que hacer en ti.",Vivir por Amor,
La mente no puede comprender aquello que rechaza.,Vivir por Amor,
"No es la vida la que tiene que cambiar, sino los conceptos que tienes acerca de ella.",Vivir por Amor,
" El cielo es un estado de consciencia un estado mental donde no existen simnoloso o pensamientos basados en e juicio o la percepción, sino que está basado en el más puro conocimiento y por ende en el amor",Vivir por Amor,
"Deja de buscar el amor, la abundancia, la felicidad fuera de ti. Busca en cambio las barreras que te has puesto para que no se manifiesten de forma natural en tu vida",Vivir por Amor,
"No conoces lo que ves, por eso lo juzgas. No conoces quien eres por eso te juzgas.",Vivir por Amor,
El espiritu santo es la idea de ti que esta más cerca a un estado de consciencia puro.,Vivir por Amor,
"El hijo de Dios no tiene que ser curado, perfeccionado, ni sanado. Tiene que ser despertado",Vivir por Amor,
Siempre has estado a una reinterpretación de ti mismo para ser feliz,Vivir por Amor,
"El autor del miedo no es Dios, el autor del miedo eres tu.",Vivir por Amor,
"Para el espiritu tener y ser Son lo mismo, por eso, un ser que es creado en lo infinito y por lo infinito, no puede vivir en la carencia. ",Vivir por Amor,
"La unic carencia que realmente necesitas corregir, es tu sensacion de estar separado de Dios.",Vivir por Amor,
La verdadera maestria se alcanza al comprender que jamas has sido maestro de nadie excepto de ti mismo y que pensarte como maestro impide que la lección pueda entrar en tu mente.,Vivir por Amor,
"No hay nadie en el mundo que haya nacido con la capacidad de ofenderte, a no ser que tu se lo permitas. Tu eres el unico responsable de la interpretación y el valor que le das a las palabras que escuchas. Alli radica tu poder.",Vivir por Amor,
"Cuando aprendas a no dejarte gobernar por las interpretaciones destructivas, experimentaras un aumento de confianza en ti misma.",Vivir por Amor,
Cuando un hermano proyecta un ataque esta pidiendo ayuda.,Vivir por Amor,
Es en el embarazo donde adquieres bases de tus programas mentales con el que saldras al mundo externo,Vivir por Amor,
Cuando estas en el vierntre de tu madre experimentas por primera vez las emociones fisicas. Y sera justamente las emociones más recuerentes que sienta tu madre durante la gestacion la mas familiares para ti.,Vivir por Amor,
"Es importante no pasar por alto lo que sientió tu madre, que suponia tu llegada, y que situacioens viivo durante el embarazo.",Vivir por Amor,
Cuanto más estudies el pasado más capacidades tendras de adivinar el futuro.,Vivir por Amor,
"Eres alumno y maestro de ti mismo. Siempre que re relaciones con lso demás estas decidiendo que lección quieres enseñarte a través de las ideas que compartes con ellso. Y aquello que te enseñes, es aquello que aprenderas. ",                             ,
El victimismo que el ego usa como recurso para nehar tu poder y proyectarlo fuera de ti,,
"Del mismo modo que el conflicto nace en la mente, se corrige dentro de ella, no fuera",,
¿De que base podrai servirse tu mente si no fuese por el pasado para elegir las relaciones que mantienen en el presente,,
"El ego quiere perpetuar el pasado, ya que tiene que recurrir a el para que recuerdes el daño que te hiieron para justificar tu ataque en el presente",,
"Las relaciones no se nos ha dado para que se esfuercen en hacenros deliz, se nos ha dado para aprender, Tu felicidd depende de ti y de nadie más que ti",,
"Recordar amar al otro, agradeciendole el papel perfecta que esta desempeñando para que puedas enseñarte auqello que necesitas aprender. O bien puedes seguir usando tu relación coo recurso propio para intentar cubrir tus necesidades y caprichos emocionales, enseñandote todo auqello que comparte a traves del otro, manteniendo en la misma casilla del juego durante el resto de tu vida",,
Tu mente siempre va a tender a buscar aquello que cree que no tiene o que le falta,,
"El amor por tanto, da sin esperar nada a cambio debido a su naturaleza incondicional, libre de condiciones o contratos",,
"El cuerpo es el vehiculo que usa la mente para vivir una experiencia determindada. El cuerpo es la consecuencia de la mente, por lo que, el cuerop opera en el nvel de los efectos no de las causas",,